reference,solution,solved,nb_steps,wall_ms,best_partial_solution,best_partial_match_fraction
"LIST|COUNT,<0,0|TAKE,1,0",None,False,1000,102.56576538085938,"LIST|FILTER,<0,0|ZIPWITH,max,1,0",0.4
"LIST|FILTER,<0,0|ZIPWITH,*,0,1",None,False,1000,135.1792812347412,"LIST|HEAD,0|DROP,1,0",0.4
"LIST|FILTER,<0,0|ZIPWITH,*,1,1",None,False,1000,165.24100303649902,None,0.0
"LIST|FILTER,>0,0|MAP,*-1,1","LIST|MAP,*-1,0|FILTER,<0,1",True,590,56.58555030822754,None,
"LIST|FILTER,>0,0|TAIL,1","LIST|FILTER,>0,0|TAIL,1",True,835,138.12899589538574,None,
"LIST|FILTER,EVEN,0|MAP,+1,1","LIST|MAP,+1,0|FILTER,ODD,1",True,354,46.89931869506836,None,
"LIST|FILTER,ODD,0|COUNT,>0,1","LIST|FILTER,>0,0|COUNT,ODD,1",True,842,146.10910415649414,None,
"LIST|FILTER,ODD,0|MAP,*4,1",None,False,1000,208.14919471740723,None,0.0
"LIST|INT|MAP,/3,0|ACCESS,1,2",LIST|INT,True,1,0.0,None,
"LIST|INT|SCAN1L,-,0|TAKE,1,2","LIST|INT|TAKE,1,0|SCAN1L,-,2",True,437,68.95327568054199,None,
"LIST|INT|SCAN1L,max,0|TAKE,1,2","LIST|INT|TAKE,1,0|SCAN1L,max,2",True,402,60.25886535644531,None,
"LIST|INT|TAKE,1,0|REVERSE,2","LIST|INT|HEAD,0|REVERSE,0",True,6,0.0,None,
"LIST|INT|TAKE,1,0|SCAN1L,*,2","LIST|INT|HEAD,0|SCAN1L,*,0",True,35,0.0,None,
"LIST|INT|TAKE,1,0|ZIPWITH,+,2,2","LIST|INT|HEAD,0|MAP,*2,0",True,17,7.862567901611328,None,
"LIST|LIST|COUNT,<0,0|TAKE,2,1",None,False,1002,172.98483848571777,"LIST|LIST|HEAD,0|DROP,2,1",0.4
"LIST|LIST|FILTER,<0,1|ZIPWITH,max,2,0",None,False,1002,168.5616970062256,"LIST|LIST|TAIL,1|DROP,2,0",0.4
"LIST|LIST|FILTER,<0,1|ZIPWITH,min,2,0",None,False,1002,161.67521476745605,"LIST|LIST|HEAD,0|REVERSE,1",0.2
"LIST|LIST|FILTER,>0,1|ZIPWITH,+,0,2",None,False,1002,205.13367652893066,"LIST|LIST|HEAD,0|TAKE,2,0",0.2
"LIST|LIST|FILTER,ODD,1|ZIPWITH,max,0,2",None,False,1002,182.8176975250244,"LIST|LIST|HEAD,0|TAKE,2,0",0.2
"LIST|LIST|INT|DROP,2,0|ZIPWITH,+,1,3","LIST|LIST|INT|HEAD,0|DROP,2,0",True,22,4.998922348022461,None,
"LIST|LIST|INT|DROP,2,1|ZIPWITH,+,3,0","LIST|LIST|INT|HEAD,0|DROP,2,0",True,22,5.179405212402344,None,
"LIST|LIST|LIST|ZIPWITH,*,0,1|ZIPWITH,-,3,2",None,False,1000,220.32785415649414,None,0.0
"LIST|LIST|LIST|ZIPWITH,*,1,2|ZIPWITH,*,3,0",None,False,1000,228.66129875183105,"LIST|LIST|LIST|HEAD,0|ZIPWITH,-,2,2",0.4
"LIST|LIST|LIST|ZIPWITH,+,1,2|ZIPWITH,+,3,0",None,False,1000,214.02478218078613,None,0.0
"LIST|LIST|LIST|ZIPWITH,+,2,1|ZIPWITH,*,3,0",None,False,1000,223.0839729309082,None,0.0
"LIST|LIST|LIST|ZIPWITH,-,0,1|ZIPWITH,*,3,2",None,False,1000,221.12059593200684,None,0.0
"LIST|LIST|LIST|ZIPWITH,-,1,2|ZIPWITH,+,0,3",None,False,1000,221.60625457763672,None,0.0
"LIST|LIST|LIST|ZIPWITH,min,0,2|ZIPWITH,max,3,1",None,False,1000,255.95974922180176,"LIST|LIST|LIST|HEAD,0|ZIPWITH,max,0,1",0.4
"LIST|LIST|MAP,**2,0|ZIPWITH,*,2,1",None,False,1000,259.0775489807129,"LIST|LIST|HEAD,0|TAKE,2,1",0.2
"LIST|LIST|MAP,*3,0|ZIPWITH,-,2,1",None,False,1000,304.90756034851074,None,0.0
"LIST|LIST|MAP,-1,0|ZIPWITH,*,1,2",None,False,1000,281.24427795410156,None,0.0
"LIST|LIST|MAP,-1,1|ZIPWITH,max,2,0",None,False,1002,251.47461891174316,None,0.0
"LIST|LIST|MAP,/3,0|ZIPWITH,*,1,2",None,False,1000,229.6135425567627,None,0.0
"LIST|LIST|MAP,/3,0|ZIPWITH,-,2,1",None,False,1002,182.51323699951172,None,0.0
"LIST|LIST|MAP,/4,1|ZIPWITH,max,2,0",None,False,1002,158.84947776794434,None,0.0
"LIST|LIST|SCAN1L,-,0|ZIPWITH,*,1,2",None,False,1000,221.99368476867676,"LIST|LIST|HEAD,0|SCAN1L,min,1",0.2
"LIST|LIST|SCAN1L,-,1|ZIPWITH,max,0,2",None,False,1001,203.40490341186523,"LIST|LIST|HEAD,0|ZIPWITH,max,0,1",0.2
"LIST|LIST|SCAN1L,-,1|ZIPWITH,max,2,0",None,False,1001,188.24410438537598,"LIST|LIST|HEAD,0|SCAN1L,-,1",0.2
"LIST|LIST|SORT,1|ZIPWITH,*,0,2",None,False,1000,251.35087966918945,"LIST|LIST|REVERSE,1|ZIPWITH,*,2,0",0.2
"LIST|LIST|TAIL,0|TAKE,2,1","LIST|LIST|TAIL,0|TAKE,2,1",True,189,31.79788589477539,None,
"LIST|LIST|ZIPWITH,*,0,0|ZIPWITH,max,1,2",None,False,1000,266.54839515686035,"LIST|LIST|HEAD,0|MAP,**2,0",0.2
"LIST|LIST|ZIPWITH,*,0,1|FILTER,>0,2",None,False,1000,291.8996810913086,None,0.0
"LIST|LIST|ZIPWITH,*,0,1|REVERSE,2",None,False,1000,290.5879020690918,None,0.0
"LIST|LIST|ZIPWITH,*,0,1|ZIPWITH,-,2,2",None,False,1000,262.3629570007324,"LIST|LIST|HEAD,0|ZIPWITH,-,0,0",0.8
"LIST|LIST|ZIPWITH,*,1,0|ZIPWITH,+,1,2",None,False,1000,247.06339836120605,"LIST|LIST|REVERSE,0|ZIPWITH,-,2,1",0.2
"LIST|LIST|ZIPWITH,*,1,1|ZIPWITH,-,0,2",None,False,1001,236.1445426940918,"LIST|LIST|HEAD,0|ZIPWITH,-,0,1",0.2
"LIST|LIST|ZIPWITH,+,0,1|MINIMUM,2",None,False,1002,229.96044158935547,None,0.0
"LIST|LIST|ZIPWITH,-,0,0|ZIPWITH,*,1,2",None,False,1000,278.491735458374,"LIST|LIST|HEAD,0|ZIPWITH,-,1,1",0.6
"LIST|LIST|ZIPWITH,-,0,0|ZIPWITH,*,2,1",None,False,1000,332.26943016052246,"LIST|LIST|HEAD,0|ZIPWITH,-,1,1",0.8
"LIST|LIST|ZIPWITH,-,0,1|ZIPWITH,*,0,2",None,False,1000,331.09045028686523,None,0.0
"LIST|LIST|ZIPWITH,-,1,0|ZIPWITH,+,2,1",None,False,1000,259.69600677490234,None,0.0
"LIST|LIST|ZIPWITH,max,0,1|MAP,+1,2",None,False,1002,218.93763542175293,None,0.0
"LIST|LIST|ZIPWITH,max,1,0|ZIPWITH,*,1,2",None,False,1000,314.00227546691895,"LIST|LIST|HEAD,0|REVERSE,0",0.2
"LIST|LIST|ZIPWITH,max,1,0|ZIPWITH,min,2,2","LIST|LIST|HEAD,0|ZIPWITH,max,0,1",True,85,16.171932220458984,None,
"LIST|LIST|ZIPWITH,min,0,1|ZIPWITH,min,0,2","LIST|LIST|HEAD,0|ZIPWITH,min,0,1",True,81,14.142513275146484,None,
"LIST|LIST|ZIPWITH,min,1,0|FILTER,EVEN,2",None,False,1002,231.6298484802246,"LIST|LIST|HEAD,0|ZIPWITH,min,0,1",0.2
"LIST|LIST|ZIPWITH,min,1,0|MAP,/4,2",None,False,1002,244.42672729492188,None,0.0
"LIST|MAP,**2,0|FILTER,<0,1","LIST|MAP,*2,0|FILTER,ODD,1",True,552,159.3019962310791,None,
"LIST|MAP,*-1,0|COUNT,>0,1","LIST|HEAD,0|COUNT,<0,0",True,27,5.863666534423828,None,
"LIST|MAP,*-1,0|SCAN1L,max,1","LIST|MAP,*-1,0|SCAN1L,max,1",True,612,144.34003829956055,None,
"LIST|MAP,*-1,0|TAIL,1","LIST|MAP,*-1,0|TAIL,1",True,557,127.89487838745117,None,
"LIST|MAP,*2,0|SCAN1L,max,1","LIST|MAP,*2,0|SCAN1L,max,1",True,532,103.87253761291504,None,
"LIST|MAP,*2,0|ZIPWITH,*,1,1","LIST|MAP,*2,0|MAP,**2,1",True,536,138.51094245910645,None,
"LIST|MAP,*3,0|ZIPWITH,min,0,1","LIST|MAP,*3,0|ZIPWITH,min,1,0",True,825,148.43392372131348,None,
"LIST|MAP,*4,0|MAP,**2,1",None,False,1000,154.56461906433105,None,0.0
"LIST|MAP,*4,0|REVERSE,1","LIST|REVERSE,0|MAP,*4,1",True,184,40.26985168457031,None,
"LIST|MAP,*4,0|ZIPWITH,-,1,0","LIST|HEAD,0|MAP,*3,0",True,18,5.271673202514648,None,
"LIST|MAP,+1,0|COUNT,>0,1","LIST|HEAD,0|COUNT,>0,0",True,26,5.378961563110352,None,
"LIST|MAP,+1,0|REVERSE,1","LIST|REVERSE,0|MAP,+1,1",True,168,21.219253540039062,None,
"LIST|MAP,+1,0|ZIPWITH,max,1,0","LIST|HEAD,0|MAP,+1,0",True,12,1.0030269622802734,None,
"LIST|MAP,-1,0|FILTER,>0,1","LIST|MAP,-1,0|FILTER,>0,1",True,428,68.14837455749512,None,
"LIST|MAP,-1,0|FILTER,ODD,1","LIST|MAP,-1,0|FILTER,ODD,1",True,434,81.92610740661621,None,
"LIST|MAP,/2,0|ZIPWITH,max,1,1","LIST|HEAD,0|MAP,/2,0",True,15,4.518032073974609,None,
"LIST|MAP,/4,0|HEAD,1","LIST|MAP,/4,0|HEAD,1",True,715,66.82324409484863,None,
"LIST|MAP,/4,0|MAXIMUM,1","LIST|MAP,/4,0|MAXIMUM,1",True,721,115.65518379211426,None,
"LIST|MAP,/4,0|ZIPWITH,min,1,1","LIST|HEAD,0|MAP,/4,0",True,21,3.1347274780273438,None,
"LIST|REVERSE,0|MAP,/4,1","LIST|REVERSE,0|MAP,/4,1",True,186,14.999866485595703,None,
"LIST|REVERSE,0|ZIPWITH,*,1,1","LIST|REVERSE,0|MAP,**2,1",True,178,28.696537017822266,None,
"LIST|SCAN1L,*,0|ZIPWITH,max,1,0",None,False,1000,172.40476608276367,"LIST|HEAD,0|SCAN1L,*,0",0.8
"LIST|SCAN1L,+,0|MAP,*3,1","LIST|MAP,*3,0|SCAN1L,+,1",True,882,125.9469985961914,None,
"LIST|SCAN1L,+,0|MAP,/4,1",None,False,1000,130.10001182556152,None,0.0
"LIST|SCAN1L,-,0|FILTER,<0,1",None,False,1000,170.13907432556152,"LIST|MINIMUM,0|TAKE,1,0",0.2
"LIST|SCAN1L,max,0|MAP,/3,1","LIST|MAP,/3,0|SCAN1L,max,1",True,692,104.57205772399902,None,
"LIST|SCAN1L,max,0|ZIPWITH,min,1,0","LIST|HEAD,0|ZIPWITH,min,0,0",True,38,0.0,None,
"LIST|SCAN1L,min,0|SCAN1L,*,1",None,False,1000,174.8502254486084,"LIST|HEAD,0|SCAN1L,*,0",0.6
"LIST|SORT,0|ZIPWITH,max,0,1","LIST|SORT,0|ZIPWITH,max,1,0",True,311,38.45357894897461,None,
"LIST|TAIL,0|TAKE,1,0","LIST|TAIL,0|TAKE,1,0",True,47,4.999876022338867,None,
"LIST|ZIPWITH,*,0,0|MAP,/2,1","LIST|MAP,**2,0|MAP,/2,1",True,773,92.92340278625488,None,
"LIST|ZIPWITH,+,0,0|MAP,*3,1","LIST|MAP,*2,0|MAP,*3,1",True,538,69.99421119689941,None,
"LIST|ZIPWITH,+,0,0|SCAN1L,-,1","LIST|MAP,*2,0|SCAN1L,-,1",True,564,61.446189880371094,None,
"LIST|ZIPWITH,+,0,0|ZIPWITH,max,0,1","LIST|MAP,*2,0|ZIPWITH,max,1,0",True,551,70.20330429077148,None,
"LIST|ZIPWITH,-,0,0|MAP,/4,1","LIST|HEAD,0|ZIPWITH,-,0,0",True,36,3.120899200439453,None,
"LIST|ZIPWITH,-,0,0|MAXIMUM,1","LIST|MAP,*2,0|COUNT,ODD,1",True,560,77.59356498718262,None,
"LIST|ZIPWITH,-,0,0|ZIPWITH,+,1,0","LIST|HEAD,0|ZIPWITH,min,0,0",True,38,7.8639984130859375,None,
"LIST|ZIPWITH,max,0,0|COUNT,>0,1","LIST|HEAD,0|COUNT,>0,0",True,26,5.003690719604492,None,
"LIST|ZIPWITH,max,0,0|TAIL,1","LIST|HEAD,0|TAIL,0",True,3,0.9827613830566406,None,
"LIST|ZIPWITH,max,0,0|ZIPWITH,+,1,0","LIST|HEAD,0|MAP,*2,0",True,14,3.0171871185302734,None,
"LIST|ZIPWITH,min,0,0|FILTER,>0,1","LIST|HEAD,0|FILTER,>0,0",True,22,1.9946098327636719,None,
"LIST|ZIPWITH,min,0,0|ZIPWITH,*,1,0","LIST|HEAD,0|MAP,**2,0",True,17,0.0,None,
"LIST|ZIPWITH,min,0,0|ZIPWITH,min,1,0","LIST|HEAD,0|ZIPWITH,min,0,0",True,38,0.0,None,
